{
  "rv_star": 2.7228182910761953,
  "rf_star": 1.9013321449253375,
  "K_min": -2.247413633697763,
  "K_max": -0.48240883076548813,
  "K_mean": -1.3648481692829255,
  "rho_exact_min": 1.300005425712036,
  "rho_exact_max": 2.400008842806275,
  "rho_exact_mean": 1.8469919041958307,
  "GB_sum_KA": -25.132741228718345,
  "GB_target": -25.132741228718345,
  "r_scale": 0.5571428571428572,
  "GB_scale": 0.085005961368368
}