rho,seed,lambda_mean,alpha_mean,r_wire_mm,t_skin_mm,A_eff_proxy,density_proxy,tortuosity,DeltaT_proxy
0.5,0,0.46276010712186927,0.5975372402961161,0.6832968192819364,2.7170446883553394,122.93299046549987,0.07683311904093743,3.1041021979833467,0.008063228071210312
